{"NSynth": {"e_c_200": [0.697509765625, 0.698486328125, 0.673828125, 0.686767578125, 0.707763671875, 0.71484375, 0.689697265625, 0.681884765625, 0.704345703125, 0.6982421875], "ae_c_200": [0.72900390625, 0.7431640625, 0.72509765625, 0.731689453125, 0.721435546875, 0.70947265625, 0.72216796875, 0.7421875, 0.754150390625, 0.734375], "mfcc": [0.631103515625, 0.620361328125, 0.63037109375, 0.6220703125, 0.647705078125, 0.637939453125, 0.617919921875, 0.622802734375, 0.61376953125, 0.611572265625], "cnn": [0.564453125, 0.553955078125, 0.570556640625, 0.559326171875, 0.57080078125, 0.567626953125, 0.567138671875, 0.560302734375, 0.572998046875, 0.5537109375]}, "US8K": {"e_c_200": [0.724223300688471, 0.7276341768646244, 0.7256386926358809, 0.7206776216287415, 0.7271710300631999, 0.7242396834069644, 0.7277861522102733, 0.7271983454339318, 0.7252022318820237, 0.7248279670753645], "ae_c_200": [0.7242825639977657, 0.7268767320993522, 0.7265831669445824, 0.7242671932204212, 0.7277294176107432, 0.7308544432504814, 0.7250561379229804, 0.7295483570312676, 0.7283645627925285, 0.7244296820721031], "mfcc": [0.65953056534913, 0.6562928428059176, 0.6613913858478113, 0.6610577730374745, 0.6580475798682035, 0.6635486798632819, 0.6596530825917085, 0.6540812641395506, 0.6549301602036656, 0.6544083130921428], "cnn": [0.4871428812223275, 0.48334422642768604, 0.48640508429944784, 0.48810669312270216, 0.47800597482826845, 0.48124748362555164, 0.4776071196596492, 0.48256908436206725, 0.48844441804987027, 0.4864919679642499]}, "GTZAN": {"e_c_200": [0.6089965397923875, 0.5778546712802768, 0.5743944636678201, 0.5813148788927336, 0.5709342560553633, 0.5916955017301038, 0.5882352941176471, 0.615916955017301, 0.6020761245674741, 0.5813148788927336], "ae_c_200": [0.6020761245674741, 0.615916955017301, 0.5986159169550173, 0.5986159169550173, 0.6055363321799307, 0.629757785467128, 0.6020761245674741, 0.5916955017301038, 0.6124567474048442, 0.615916955017301], "mfcc": [0.5121107266435986, 0.4913494809688581, 0.5121107266435986, 0.4913494809688581, 0.5017301038062284, 0.49480968858131485, 0.47058823529411764, 0.4982698961937716, 0.5017301038062284, 0.5051903114186851], "cnn": [0.47058823529411764, 0.46366782006920415, 0.47058823529411764, 0.47750865051903113, 0.4602076124567474, 0.4740484429065744, 0.47058823529411764, 0.4740484429065744, 0.4809688581314879, 0.4532871972318339]}}